STATION,NAME,DATE,AWND,CDSD,CLDD,DP01,DP10,DSND,DSNW,DT00,DT32,DX32,DX70,DX90,EMNT,EMSD,EMSN,EMXP,EMXT,FZF0,FZF1,FZF2,FZF3,FZF4,FZF5,FZF6,FZF7,FZF8,FZF9,HDSD,HTDD,PRCP,SNOW,TAVG,TMAX,TMIN,WDF2,WDF5,WSF2,WSF5
USC00420061,"ALPINE, UT US",2022,,997,997,91,49,49,21,0,151,17,164,63,4,12,6,0.82,99,31,28,21,17,15,32,23,23,20,11,5563,5563,16.72,54.3,51.4,64.1,38.7,,,,
USC00420061,"ALPINE, UT US",2023,,744,744,122,71,107,35,1,147,16,166,36,-1,11,7.6,1.48,100,25,25,24,17,14,31,26,14,14,14,6117,6117,28.34,117.4,51.2,63,39.4,,,,
USC00420061,"ALPINE, UT US",2024,,919,919,105,58,50,19,0,124,7,167,52,9,11,8.2,1.31,99,32,25,24,20,16,32,27,23,20,15,5386,5386,22.12,58.8,53,65.5,40.5,,,,
USC00420061,"ALPINE, UT US",2025,,932,932,81,42,37,16,0,106,7,170,55,4,5,5.6,1.1,98,32,25,22,16,16,26,26,24,18,13,5063,5063,15.98,44.5,54.3,66.8,41.8,,,,
USR0000NLPT,"NORTH LONG POINT UTAH, UT US",2022,,194,194,,,,,3,181,38,99,0,-1,,,,89,21,21,21,15,15,29,26,24,20,10,7303,7303,,,44.5,55.3,33.7,,,,
USR0000NLPT,"NORTH LONG POINT UTAH, UT US",2023,,186,186,,,,,2,177,52,84,1,-2,,,,91,30,26,15,15,15,28,28,24,17,14,8329,8329,,,43.8,54.4,33.2,,,,
USR0000NLPT,"NORTH LONG POINT UTAH, UT US",2024,,205,205,,,,,1,183,28,120,0,-2,,,,87,31,25,22,18,14,31,28,19,19,14,7203,7203,,,46.2,57,35.3,,,,
USR0000NLPT,"NORTH LONG POINT UTAH, UT US",2025,,236,236,,,,,1,149,30,103,0,0,,,,86,32,27,24,15,15,27,27,24,15,15,7016,7016,,,46.6,57.1,36.1,,,,
USR0000JENS,"JENSEN SPRING BERYL 12 NNE, UT US",2023,,848,848,,,,,1,148,5,172,51,-3,,,,106,32,28,24,20,15,32,27,19,19,14,,,,,52.2,65.9,38.4,,,,
USR0000JENS,"JENSEN SPRING BERYL 12 NNE, UT US",2024,,1492,1492,,,,,0,139,3,178,95,7,,,,108,32,25,21,16,16,28,28,23,19,16,4919,4919,,,55.6,69.7,41.5,,,,
USR0000JENS,"JENSEN SPRING BERYL 12 NNE, UT US",2025,,1139,1139,,,,,0,111,1,182,71,4,,,,103,32,28,19,19,,30,23,23,20,16,4689,4689,,,55.8,70.1,41.7,,,,
USR0000BUES,"BUES CANYON UTAH, UT US",2022,,1291,1291,,,,,0,139,18,153,67,7,,,,103,32,27,23,19,16,31,24,24,15,15,5707,5707,,,52,63.1,40.9,,,,
USR0000BUES,"BUES CANYON UTAH, UT US",2023,,963,963,,,,,0,142,14,158,36,1,,,,101,32,27,21,20,,31,27,22,20,14,5953,5953,,,51.8,62.3,41.3,,,,
USR0000BUES,"BUES CANYON UTAH, UT US",2024,,1319,1319,,,,,0,113,8,156,67,9,,,,104,32,25,24,,,32,28,24,18,9,5285,5285,,,54.1,65.2,43.1,,,,
USR0000BUES,"BUES CANYON UTAH, UT US",2025,,1359,1359,,,,,0,99,6,161,70,6,,,,101,30,25,22,19,,30,27,21,14,14,5113,5113,,,55.4,66.7,44.1,,,,
USS0012M23S,"MIDWAY VALLEY, UT US",2022,,0,0,74,74,199,,13,232,65,35,0,-8,65,,1.8,78,31,26,22,13,13,30,22,22,18,8,9585,9585,27.67,,37.7,48.8,26.6,,,,
USS0012M23S,"MIDWAY VALLEY, UT US",2023,,1,1,104,104,210,,8,225,80,28,0,-9,141,,2.3,81,32,27,21,17,12,30,25,22,20,15,10647,10647,45.06,,36.1,46.8,25.5,,,,
USS0012M23S,"MIDWAY VALLEY, UT US",2024,,2,2,89,89,214,,4,213,77,59,0,-2,85,,2.2,80,30,27,20,20,15,31,28,23,18,13,9754,9754,27.94,,38.8,49.5,28,,,,
USS0012M23S,"MIDWAY VALLEY, UT US",2025,2.7,0,0,71,71,188,,1,217,63,37,0,-3,71,,1.9,77,31,27,23,18,15,29,24,24,20,12,9614,9614,27.38,,38.6,48.5,28.6,,,,
USC00420738,"BLANDING, UT US",2022,,,,51,27,12,7,,,,,,,4,3,0.76,,,,,,,,,,,,,,8.44,16.7,,,,,,,
USC00420738,"BLANDING, UT US",2023,,,,60,30,,14,,,,,,,,9,0.87,,,,,,,,,,,,,,10.79,51.6,,,,,,,
USR0000MUDS,"MUD SPRING EUREKA 13 SW UTAH, UT US",2022,,922,922,,,,,2,173,24,157,51,-1,,,,99,32,27,22,16,16,30,28,24,13,13,6470,6470,,,49.1,61.7,36.4,,,,
USR0000MUDS,"MUD SPRING EUREKA 13 SW UTAH, UT US",2023,,621,621,,,,,2,159,24,151,33,-10,,,,101,31,25,22,18,14,29,28,24,14,14,7026,7026,,,48.4,60.7,36.1,,,,
USR0000MUDS,"MUD SPRING EUREKA 13 SW UTAH, UT US",2024,,918,918,,,,,0,162,13,158,50,4,,,,101,31,24,24,19,15,31,22,22,16,16,5951,5951,,,51,63.9,38.2,,,,
USR0000MUDS,"MUD SPRING EUREKA 13 SW UTAH, UT US",2025,,830,830,,,,,3,143,13,155,46,0,,,,98,31,28,22,15,15,27,27,21,14,14,5911,5911,,,51.7,64.8,38.6,,,,
USW00023170,"HANKSVILLE, UT US",2025,,1493,1493,,,,,0,121,2,190,91,1,,,,105,30,27,21,19,14,32,28,21,20,16,,,,,57.2,73,41.4,,,,
USS0011J68S,"PARRISH CREEK, UT US",2022,3.1,281,281,103,103,206,,5,194,73,88,0,-5,52,,2.4,88,25,25,20,20,14,30,25,22,20,13,8299,8299,37.37,,42.4,51.2,33.7,,,,
USS0011J68S,"PARRISH CREEK, UT US",2023,3.6,145,145,118,118,214,,2,169,77,59,0,-6,165,,2.9,86,29,18,18,18,15,30,28,22,19,15,8780,8780,60.06,,42,50.4,33.7,,,,
USS0011J68S,"PARRISH CREEK, UT US",2024,3.6,268,268,115,115,209,,0,176,60,97,0,4,81,,3.3,86,30,28,22,20,16,28,28,22,19,15,7959,7959,46.76,,44.3,52.7,35.9,,,,
USS0011J68S,"PARRISH CREEK, UT US",2025,2.9,206,206,93,93,186,,3,145,56,89,0,-4,82,,2.4,85,31,21,21,15,15,31,27,21,17,10,7671,7671,40.96,,44.9,53.1,36.7,,,,
USC00420730,"BLACK ROCK, UT US",2022,,1040,1040,56,15,,,1,191,13,185,87,-4,,,1.15,107,31,28,23,19,11,29,28,22,13,13,5823,5823,6.74,,50.8,68.3,33.3,,,,
USC00420730,"BLACK ROCK, UT US",2023,,698,698,56,27,26,14,4,182,9,186,59,-9,12,12,0.72,108,26,26,19,19,10,32,28,16,16,16,6320,6320,8.04,38.9,50.2,67.2,33.1,,,,
USC00420730,"BLACK ROCK, UT US",2024,,995,995,71,34,6,4,1,164,4,184,92,-9,6,6,1.38,108,32,28,24,18,15,25,25,24,19,15,5568,5568,12.7,12,52.9,70,35.7,,,,
USC00420730,"BLACK ROCK, UT US",2025,,832,832,43,20,,3,5,155,2,189,83,-6,,2,1.25,104,30,28,20,20,10,30,28,22,16,16,5350,5350,7.32,4,53.1,71.3,34.9,,,,
USC00429045,"VALLEY OF THE GODS, UT US",2022,,1721,1721,55,21,3,4,0,100,1,189,67,15,3,6,0.91,102,31,28,24,20,16,32,28,24,17,15,3998,3998,8.32,14.5,57.9,69.2,46.7,,,,
USC00429045,"VALLEY OF THE GODS, UT US",2023,,1592,1592,61,24,6,4,0,96,2,178,59,16,4,3,0.54,105,25,25,24,20,,31,28,24,20,16,4380,4380,6.73,10.2,57.7,68.3,47.1,,,,
USC00429045,"VALLEY OF THE GODS, UT US",2024,,1897,1897,47,24,2,2,0,78,2,182,80,13,1,3,1.22,101,31,28,24,,,32,24,24,20,13,3830,3830,7.99,6,59.2,70.1,48.3,,,,
USC00429045,"VALLEY OF THE GODS, UT US",2025,,1792,1792,47,21,0,0,0,61,2,181,77,11,0,0,0.79,101,32,28,,,,32,28,21,14,14,3979,3979,5.83,0,59.9,70.6,49.3,,,,
USS0011J56S,"THAYNES CANYON, UT US",2022,,81,81,103,103,209,,12,205,91,66,0,-4,60,,1.6,82,21,21,21,14,14,30,24,24,19,14,9171,9171,30.04,,39.3,48.1,30.6,,,,
USS0011J56S,"THAYNES CANYON, UT US",2023,,65,65,127,127,234,,5,191,93,38,0,-7,122,,1.7,81,31,27,22,13,13,31,25,24,16,12,9785,9785,42.83,,38.6,47.2,30,,,,
USS0011J56S,"THAYNES CANYON, UT US",2024,,82,82,135,135,221,,1,196,82,62,0,-2,88,,1.1,81,32,24,18,18,14,24,24,24,15,15,9168,9168,36.01,,40.1,48.4,31.8,,,,
USS0011J56S,"THAYNES CANYON, UT US",2025,,41,41,106,106,209,,4,176,75,54,0,-8,74,,1.5,82,32,27,21,17,12,31,22,22,12,12,9048,9048,26.43,,40.5,47.7,33.3,,,,
USC00426053,"NATURAL BRIDGES N.M., UT US",2022,,845,845,52,32,7,11,0,158,13,151,31,5,6,6,1.19,97,32,27,23,18,16,28,28,21,20,12,5623,5623,14.6,26.9,50.9,63.5,38.3,,,,
USC00426053,"NATURAL BRIDGES N.M., UT US",2023,,674,674,55,32,,12,0,152,19,161,25,3,,7.5,0.91,100,32,28,19,19,16,32,25,24,16,16,6361,6361,12.11,50.3,50,62.4,37.6,,,,
USC00426053,"NATURAL BRIDGES N.M., UT US",2024,,995,995,55,31,26,6,0,151,8,171,54,2,9,8.4,0.73,98,31,27,22,19,16,31,19,19,19,16,5556,5556,11.43,26.3,52.9,65.8,40,,,,
USC00426053,"NATURAL BRIDGES N.M., UT US",2025,,,,45,26,,,,,,,,,,,0.6,,,,,,,,,,,,,,8.92,,,,,,,,
USS0011J32S,"CURRANT CREEK, UT US",2022,,0,0,93,93,169,,20,237,38,90,0,-9,37,,1.3,86,29,27,24,15,15,26,26,24,17,7,9064,9064,20.93,,39.3,53.6,24.9,,,,
USS0011J32S,"CURRANT CREEK, UT US",2023,,0,0,108,108,190,,21,220,56,63,0,-12,70,,1.4,84,30,25,22,10,10,32,27,22,18,13,9889,9889,27.75,,38.2,52,24.5,,,,
USS0011J32S,"CURRANT CREEK, UT US",2024,,0,0,99,99,172,,6,226,30,97,0,-7,49,,0.8,85,31,27,22,17,4,31,27,21,17,12,9042,9042,24.44,,40.3,54.4,26.3,,,,
USS0011J32S,"CURRANT CREEK, UT US",2025,,3,3,88,88,139,,16,220,24,94,0,-16,36,,1.2,86,31,27,23,15,15,31,25,24,6,6,8939,8939,17.85,,41.3,55.8,26.8,,,,
USC00428476,"SUNNYSIDE CITY, UT US",2022,,1079,1079,50,32,43,7,0,140,24,157,36,6,10,7,0.86,99,27,27,23,17,16,32,28,18,18,12,5706,5706,12.8,30.5,51.4,61.8,41,,,,
USC00428476,"SUNNYSIDE CITY, UT US",2023,,916,916,58,40,87,14,0,133,22,155,34,7,25,8,1,98,32,28,23,16,16,27,27,17,17,12,6270,6270,13.28,53.6,51.4,60.9,41.8,,,,
USC00428476,"SUNNYSIDE CITY, UT US",2024,,1176,1176,53,41,28,9,0,114,6,153,39,10,5,5,1.9,99,32,28,21,18,15,28,28,24,17,16,5272,5272,14.63,29,53.8,63.7,43.9,,,,
USC00428476,"SUNNYSIDE CITY, UT US",2025,,1137,1137,45,33,3,3,0,82,9,146,54,1,5,5,0.9,99,31,21,21,,,31,28,21,12,12,5095,5095,11.55,9,54.9,64.9,44.9,,,,
USW00004134,"GRANITE PEAK DUGWAY PROVING GROUND, UT US",2022,8.3,1621,1621,63,16,,,0,139,17,175,88,9,,,0.5,106,27,27,16,16,13,30,24,23,15,15,5401,5401,4.67,,53.9,67.3,40.5,280,250,52.1,63.1
USW00004134,"GRANITE PEAK DUGWAY PROVING GROUND, UT US",2023,7.8,1341,1341,71,21,,,0,128,3,173,61,5,,,0.45,108,24,24,22,15,15,32,26,19,19,13,5247,5247,5.53,,54.9,67.8,42,220,230,55.9,66
USW00004134,"GRANITE PEAK DUGWAY PROVING GROUND, UT US",2024,,,,,,,,,,,,,,,,,,,,,,,,,,,,,,,,,,,,,,
USC00421020,"BULLFROG BASIN, UT US",2022,,,,25,11,0,0,,,,,,,0,0,0.32,,,,,,,,,,,,,,2.77,0,,,,,,,
USC00421020,"BULLFROG BASIN, UT US",2023,,2089,2089,40,19,8,3,0,115,1,207,99,4,10,10,0.55,112,29,28,20,20,,32,25,21,17,9,4378,4378,5.26,14,59.2,72.9,45.4,,,,
USC00421020,"BULLFROG BASIN, UT US",2024,,,,,,0,0,,,,,,,0,0.3,,,,,,,,,,,,,3645,3645,,0.3,,,,,,,
USC00421020,"BULLFROG BASIN, UT US",2025,,2123,2123,,,0,0,0,81,0,212,100,10,0,0,,108,28,28,24,,,32,28,18,18,13,,,,0,61.1,74.9,47.3,,,,
USC00420072,"ALTA, UT US",2022,,,,127,85,218,70,,,,,,,92,23,2.8,,,,,,,,,,,,9317,9317,47.14,417,,,,,,,
USC00420072,"ALTA, UT US",2023,,24,24,171,112,,83,3,191,104,41,0,-7,,29,2.92,80,27,27,24,19,10,28,28,22,19,16,,,71.21,640.5,37.8,46.6,29,,,,
USC00420072,"ALTA, UT US",2024,,34,34,143,102,224,87,2,198,91,70,0,0,129,23,2.63,82,31,26,22,18,14,24,24,24,16,16,9273,9273,63.48,569.3,40.2,49.3,31.2,,,,
USC00420072,"ALTA, UT US",2025,,24,24,122,79,186,63,5,183,68,74,0,-11,137,22,2,81,31,25,23,14,14,32,27,24,12,12,8548,8548,49.24,416.6,41.6,50.7,32.5,,,,
US1UTML0013,"MEADOW 0.1 E, UT US",2024,,,,79,42,,,,,,,,,,,1.56,,,,,,,,,,,,,,17.59,,,,,,,,
US1UTML0013,"MEADOW 0.1 E, UT US",2025,,,,50,31,,,,,,,,,,,0.88,,,,,,,,,,,,,,10.8,,,,,,,,
USC00423600,"HANS FLAT RANGER STATION, UT US",2022,,1139,1139,61,24,45,11,0,141,28,141,32,7,6,5.1,1.18,98,30,24,24,20,11,30,22,22,19,13,5745,5745,8.89,27.9,51.4,60.8,41.9,,,,
USC00423600,"HANS FLAT RANGER STATION, UT US",2023,,990,990,67,40,77,21,0,140,32,153,28,5,14,8.5,0.79,100,27,27,21,16,16,24,24,24,20,16,6401,6401,9.28,66.3,51,60,42.1,,,,
USC00423600,"HANS FLAT RANGER STATION, UT US",2024,,1333,1333,43,19,26,6,0,130,13,154,39,12,6,6,1.3,97,29,28,21,20,,32,27,24,19,14,5426,5426,8.76,19,53.8,63.1,44.5,,,,
USC00423600,"HANS FLAT RANGER STATION, UT US",2025,,1199,1199,45,29,4,5,0,95,15,147,34,7,5,4,0.6,98,31,23,23,20,,27,27,19,19,12,5340,5340,7.3,13.8,54.5,63.8,45.2,,,,
USS0011H30S,"BEN LOMOND TRAIL, UT US",2022,,184,184,85,85,177,,3,176,39,107,5,-3,39,,3.4,92,27,27,22,20,10,31,26,22,17,3,7522,7522,33.68,,44.1,56.3,31.8,,,,
USS0011H30S,"BEN LOMOND TRAIL, UT US",2023,,108,108,107,107,190,,2,167,24,104,1,-11,121,,2.3,91,22,22,22,20,16,30,26,20,13,13,7884,7884,51.89,,44.1,55.5,32.6,,,,
USS0011H30S,"BEN LOMOND TRAIL, UT US",2024,,186,186,98,98,187,,0,162,19,127,5,2,80,,1.9,92,30,26,21,18,15,29,25,22,12,12,7174,7174,43.66,,46.1,58.1,34.1,,,,
USS0011H30S,"BEN LOMOND TRAIL, UT US",2025,,146,146,82,82,135,,3,133,21,122,3,-3,60,,2.8,91,31,26,23,19,12,32,22,22,18,15,7013,7013,33.67,,47.1,59.1,35.1,,,,
USS0012L15S,"PINE CREEK, UT US",2022,,77,77,84,84,198,,6,184,48,70,0,-1,66,,1.1,83,26,26,19,19,11,31,27,22,6,6,8050,8050,27.76,,42.4,51.5,33.3,,,,
USS0012L15S,"PINE CREEK, UT US",2023,,50,50,108,108,203,,2,171,57,50,0,-2,105,,2.4,84,31,27,24,15,15,32,28,23,15,15,8753,8753,36.55,,41.6,50.3,33,,,,
USS0012L15S,"PINE CREEK, UT US",2024,,91,91,118,118,209,,0,175,46,84,0,3,79,,2.8,85,28,28,20,18,15,30,24,24,17,12,8010,8010,38.02,,43.8,52.7,35,,,,
USS0012L15S,"PINE CREEK, UT US",2025,,54,54,85,85,175,,2,140,36,75,0,-4,74,,1.7,81,32,27,22,19,14,31,27,15,15,15,7660,7660,26.36,,44.6,53.4,35.9,,,,
US1UTBE0014,"BRIGHAM CITY 0.6 W, UT US",2022,,,,85,39,,,,,,,,,,,1.38,,,,,,,,,,,,,,18.35,,,,,,,,
US1UTBE0014,"BRIGHAM CITY 0.6 W, UT US",2023,,,,113,67,,,,,,,,,,,2.16,,,,,,,,,,,,,,27.91,,,,,,,,
US1UTBE0014,"BRIGHAM CITY 0.6 W, UT US",2024,,,,96,61,,,,,,,,,,,1.35,,,,,,,,,,,,,,22.28,,,,,,,,
US1UTBE0014,"BRIGHAM CITY 0.6 W, UT US",2025,,,,78,37,,,,,,,,,,,1.04,,,,,,,,,,,,,,16.53,,,,,,,,
USR0000ARAG,"ARAGONITE UTAH, UT US",2022,,1512,1512,,,,,0,136,21,160,71,8,,,,102,29,26,22,19,14,30,27,24,20,15,5594,5594,,,53,63.4,42.7,,,,
USR0000ARAG,"ARAGONITE UTAH, UT US",2023,,1117,1117,,,,,0,136,22,158,40,1,,,,102,30,27,24,20,15,28,28,24,20,16,6020,6020,,,51.9,61.7,42.1,,,,
USR0000ARAG,"ARAGONITE UTAH, UT US",2024,,1527,1527,,,,,0,117,5,161,68,11,,,,103,31,27,22,20,,29,27,21,19,13,5320,5320,,,54.7,65.1,44.4,,,,
USR0000ARAG,"ARAGONITE UTAH, UT US",2025,,1464,1464,,,,,0,90,8,160,63,5,,,,100,28,28,24,20,16,30,28,18,18,15,5152,5152,,,55.8,66.1,45.6,,,,
US1UTIR0005,"CEDAR CITY 4.4 SW, UT US",2022,,,,70,38,32,11,,,,,,,6,4.2,1.02,,,,,,,,,,,,,,12.71,28,,,,,,,
US1UTIR0005,"CEDAR CITY 4.4 SW, UT US",2023,,,,93,48,38,16,,,,,,,11,10.8,0.85,,,,,,,,,,,,,,15.39,57,,,,,,,
US1UTIR0005,"CEDAR CITY 4.4 SW, UT US",2024,,,,72,30,,9,,,,,,,,5,1.28,,,,,,,,,,,,,,11.31,27.5,,,,,,,
US1UTIR0005,"CEDAR CITY 4.4 SW, UT US",2025,,,,63,34,3,2,,,,,,,1,1.2,1.36,,,,,,,,,,,,,,14.76,3.6,,,,,,,
USS0011J57S,"BRIGHTON, UT US",2022,,36,36,117,117,209,,12,213,75,74,0,-7,56,,1.2,83,31,23,23,17,15,31,26,21,19,14,9545,9545,37.54,,38.4,49,27.8,,,,
USS0011J57S,"BRIGHTON, UT US",2023,,31,31,,,222,,6,198,92,45,0,-9,122,,,82,30,28,11,11,11,31,28,22,18,15,10019,10019,,,37.9,47.8,28,,,,
USS0011J57S,"BRIGHTON, UT US",2024,,44,44,119,119,214,,2,206,78,72,0,-1,72,,1.3,82,32,26,20,17,15,24,24,24,15,15,9267,9267,40.96,,40,49.9,30.1,,,,
USS0011J57S,"BRIGHTON, UT US",2025,,23,23,116,116,168,,9,195,64,68,0,-12,72,,2.1,82,32,25,22,13,13,32,27,24,10,10,9077,9077,35.05,,40.5,49.8,31.1,,,,
USS0011J21S,"TIMPANOGOS DIVIDE, UT US",2022,,106,106,88,88,190,,11,205,55,92,0,-6,49,,2.9,87,25,25,18,18,15,32,26,22,19,11,8480,8480,32.46,,41.3,52.7,30,,,,
USS0011J21S,"TIMPANOGOS DIVIDE, UT US",2023,,62,62,113,113,207,,5,189,63,61,0,-9,138,,2.2,86,31,27,15,15,15,30,24,21,19,15,9144,9144,51.37,,40.7,51.4,30.1,,,,
USS0011J21S,"TIMPANOGOS DIVIDE, UT US",2024,,115,115,103,103,195,,0,197,41,101,0,1,68,,1.7,88,31,28,21,17,15,25,25,15,15,15,8309,8309,35.94,,42.9,53.6,32.2,,,,
USS0011J21S,"TIMPANOGOS DIVIDE, UT US",2025,,94,94,88,88,160,,5,165,41,92,0,-5,70,,2.4,87,31,27,20,20,15,31,26,16,16,16,7957,7957,29.66,,44,54.3,33.7,,,,
USS0009J08S,"HICKERSON PARK, UT US",2022,,0,0,88,88,197,,60,271,63,73,0,-19,34,,1.4,83,26,26,20,20,11,32,23,23,17,15,10711,10711,23.74,,34.5,50.4,18.5,,,,
USS0009J08S,"HICKERSON PARK, UT US",2023,,0,0,100,100,193,,64,285,66,44,0,-23,71,,1.2,86,28,28,24,18,-1,29,28,21,19,8,11614,11614,23.23,,33.6,49.3,17.9,,,,
USS0009J08S,"HICKERSON PARK, UT US",2024,,0,0,97,97,207,,43,274,57,83,0,-18,67,,1.3,89,29,27,22,14,14,32,27,14,14,14,10802,10802,23.43,,35.7,51.8,19.6,,,,
USS0009J08S,"HICKERSON PARK, UT US",2025,,522,522,92,92,190,,23,120,23,162,40,-28,36,,1.3,103,29,27,20,10,10,32,8,8,8,8,8673,8673,18.35,,50,65.2,34.9,,,,
USC00425377,"MANILA, UT US",2022,,371,371,52,38,39,18,14,180,39,121,6,-9,11,12.3,0.98,91,30,28,23,17,14,32,28,22,15,15,7229,7229,13,68.6,44.7,57.4,32.1,,,,
USC00425377,"MANILA, UT US",2023,,,,60,40,,17,,,,,,,,14.5,1.41,,,,,,,,,,,,,,11.37,58.4,,,,,,,
USC00425377,"MANILA, UT US",2024,,,,51,33,34,24,,,,,,,7,10.4,0.95,,,,,,,,,,,,7277,7277,10.78,72.4,,,,,,,
USC00425377,"MANILA, UT US",2025,,,,17,15,,2,,,,,,,,3.4,0.5,,,,,,,,,,,,,,4.44,5.9,,,,,,,
USS0010K06S,"TIMBERLINE, UT US",2022,,34,34,63,63,178,,24,228,70,89,0,-12,35,,1,86,31,28,16,16,16,28,27,23,16,16,9440,9440,18.78,,38.3,51.3,25.3,,,,
USS0010K06S,"TIMBERLINE, UT US",2023,,18,18,80,80,181,,25,213,86,60,0,-10,81,,1.8,86,27,27,24,15,15,32,27,19,19,11,10308,10308,27.94,,37.5,49.8,25.1,,,,
USS0010K06S,"TIMBERLINE, UT US",2024,,30,30,92,92,175,,9,220,66,90,0,-6,42,,1.5,87,29,28,19,19,15,31,27,22,16,12,9237,9237,24.94,,39.6,51.8,27.5,,,,
USS0010K06S,"TIMBERLINE, UT US",2025,,12,12,71,71,146,,13,209,54,79,0,-10,25,,2.3,85,29,27,22,20,14,32,27,22,17,11,9214,9214,19.34,,40.4,52.4,28.3,,,,
USR0000HORS,"HORSE HOLLOW COVE FORT 5 W UT, UT US",2022,,1091,1091,,,,,1,154,33,159,43,-2,,,,98,32,25,22,19,11,31,12,12,12,12,6010,6010,,,50.6,62.2,38.9,,,,
USR0000HORS,"HORSE HOLLOW COVE FORT 5 W UT, UT US",2023,,772,772,,,,,2,149,28,154,30,-5,,,,101,31,28,23,20,16,30,20,20,20,14,6517,6517,,,50,61.2,38.7,,,,
USR0000HORS,"HORSE HOLLOW COVE FORT 5 W UT, UT US",2024,,1181,1181,,,,,0,137,7,158,52,4,,,,100,32,23,23,18,14,29,24,24,19,16,5703,5703,,,52.8,64.5,41,,,,
USR0000HORS,"HORSE HOLLOW COVE FORT 5 W UT, UT US",2025,,1051,1051,,,,,0,121,19,154,46,1,,,,98,30,27,24,16,16,32,22,22,14,14,5421,5421,,,53.5,65.4,41.6,,,,
USS0012M05S,"HARRIS FLAT, UT US",2022,,28,28,74,74,147,,36,240,29,107,0,-17,32,,1.8,87,30,27,24,18,14,28,23,23,20,9,8668,8668,19.96,,40.6,56.7,24.4,,,,
USS0012M05S,"HARRIS FLAT, UT US",2023,,23,23,83,83,162,,33,244,44,77,0,-13,66,,1.5,89,31,26,19,19,14,30,28,24,15,15,9678,9678,26.16,,39,54.4,23.6,,,,
USS0012M05S,"HARRIS FLAT, UT US",2024,,43,43,64,64,126,,10,245,20,125,0,-13,31,,1.2,90,32,25,24,15,15,30,27,22,20,7,8608,8608,14.96,,42.1,58.1,26.1,,,,
USS0012M05S,"HARRIS FLAT, UT US",2025,,7,7,62,62,71,,10,225,15,102,0,-7,14,,2,86,30,24,23,19,14,32,27,22,18,9,8309,8309,21.66,,42.3,58.2,26.5,,,,
USC00427559,"SALINA 24 E, UT US",2022,,,,,,,20,,,,,,,,7.8,,,,,,,,,,,,,7708,7708,,67.3,,,,,,,
USC00427559,"SALINA 24 E, UT US",2023,,186,186,85,80,,47,2,179,73,79,3,-8,,8,1.65,94,32,28,23,18,10,31,28,22,15,15,,,37.64,119.8,42.1,52.9,31.4,,,,
USC00427559,"SALINA 24 E, UT US",2024,,,,42,26,,16,,,,,,,,12.3,1.39,,,,,,,,,,,,7741,7741,8.11,45.7,,,,,,,
USC00427559,"SALINA 24 E, UT US",2025,,247,247,24,19,,7,0,160,38,115,0,3,,4,0.89,89,32,28,24,19,9,28,28,15,15,15,,,6.31,16.4,46.4,57.7,35.1,,,,
USC00427714,"SCIPIO, UT US",2022,,941,941,76,37,34,15,7,186,22,171,69,-10,7,5,1.03,101,31,28,19,19,15,28,28,21,19,15,,,11.98,23.9,49.2,64.3,34.2,,,,
USC00427714,"SCIPIO, UT US",2023,,,,86,51,52,22,,,21,165,41,,4,4,0.9,102,,,,,,,,,,,,,15.71,42.4,,63.2,,,,,
USC00427714,"SCIPIO, UT US",2024,,930,930,80,40,15,11,1,161,7,164,66,-6,8,8,1.57,102,32,27,24,20,15,28,28,23,18,13,5877,5877,17.72,29.9,51.9,66.7,37.1,,,,
USC00427714,"SCIPIO, UT US",2025,,833,833,55,26,4,9,2,152,9,172,69,-3,3,6,0.6,99,30,28,23,18,16,28,28,21,18,15,5609,5609,9.92,21.9,52.2,67.7,36.6,,,,
USC00426869,"PINEVIEW DAM, UT US",2022,,444,444,88,52,119,23,22,199,49,142,43,-16,18,11.6,1.86,100,31,27,21,19,13,31,28,21,19,16,7758,7758,24.48,81.2,44.1,59.1,29.1,,,,
USC00426869,"PINEVIEW DAM, UT US",2023,,318,318,127,79,150,44,17,183,50,146,18,-24,65,16.2,2.1,97,32,22,22,18,15,32,27,24,19,6,8131,8131,38.54,190.9,44,57.5,30.4,,,,
USC00426869,"PINEVIEW DAM, UT US",2024,,436,436,112,71,128,28,2,187,22,150,32,-7,27,10.1,1.68,98,29,28,22,17,13,32,28,24,20,14,7180,7180,30.94,93.3,46.7,60.6,32.8,,,,
USC00426869,"PINEVIEW DAM, UT US",2025,,375,375,93,51,87,19,6,168,27,148,32,-8,16,7,1.29,96,31,27,21,20,13,32,24,24,20,15,7017,7017,23.39,64.3,48.2,62.7,33.7,,,,
US1UTWB0003,"WEST WEBER 1.0 ESE, UT US",2022,,,,74,33,,,,,,,,,,,1.28,,,,,,,,,,,,,,12.2,,,,,,,,
US1UTWB0003,"WEST WEBER 1.0 ESE, UT US",2023,,,,112,58,,,,,,,,,,,0.93,,,,,,,,,,,,,,20.37,,,,,,,,
US1UTWB0003,"WEST WEBER 1.0 ESE, UT US",2024,,,,94,55,,,,,,,,,,,1.09,,,,,,,,,,,,,,18.93,,,,,,,,
US1UTWB0003,"WEST WEBER 1.0 ESE, UT US",2025,,,,74,38,,,,,,,,,,,2.83,,,,,,,,,,,,,,16.74,,,,,,,,
USC00421168,"CANYONLANDS THE NEEDLES, UT US",2022,,1395,1395,57,28,12,7,0,155,4,187,81,2,4,4.1,0.9,104,30,28,24,20,16,31,25,22,20,13,5069,5069,8.91,13,53.6,68.5,38.7,,,,
USC00421168,"CANYONLANDS THE NEEDLES, UT US",2023,,,,71,30,29,7,,,,,,,11,10.6,1.04,,,,,,,,,,,,5656,5656,8.51,28.5,,,,,,,
USC00421168,"CANYONLANDS THE NEEDLES, UT US",2024,,,,,,,,,,,,,,,,,,,,,,,,,,,,,,,,,,,,,,
USC00421168,"CANYONLANDS THE NEEDLES, UT US",2025,,,,,,,,,,,,,,,,,,,,,,,,,,,,,,,,,,,,,,
USS0011H08S,"BEN LOMOND PEAK, UT US",2022,,353,353,94,94,212,,3,192,78,87,0,-4,63,,3.3,88,24,24,24,20,15,32,28,23,20,13,8372,8372,45.98,,42.5,50.5,34.5,,,,
USS0011H08S,"BEN LOMOND PEAK, UT US",2023,,169,169,132,132,230,,2,168,86,54,0,-5,205,,4.5,85,30,20,20,20,14,32,28,22,18,13,8868,8868,79.15,,41.7,49.1,34.2,,,,
USS0011H08S,"BEN LOMOND PEAK, UT US",2024,,307,307,121,121,220,,0,174,67,86,0,5,124,,2.9,87,26,26,23,19,15,27,27,23,19,7,8096,8096,57.86,,44.1,51.7,36.6,,,,
USS0011H08S,"BEN LOMOND PEAK, UT US",2025,,269,269,97,97,186,,3,140,54,82,0,-4,95,,3.1,83,32,23,23,20,14,31,27,22,19,13,7651,7651,41.04,,45,52.1,37.9,,,,
US1UTWG0021,"IVINS 1.5 SE, UT US",2024,,,,50,19,,,,,,,,,,,1.52,,,,,,,,,,,,,,8.08,,,,,,,,
US1UTWG0021,"IVINS 1.5 SE, UT US",2025,,,,44,23,,,,,,,,,,,0.8,,,,,,,,,,,,,,7.26,,,,,,,,
US1UTSL0104,"SALT LAKE CITY 8.3 WSW, UT US",2023,,,,72,49,,,,,,,,,,,2.61,,,,,,,,,,,,,,17.75,,,,,,,,
US1UTSL0104,"SALT LAKE CITY 8.3 WSW, UT US",2024,,,,63,39,,,,,,,,,,,1.26,,,,,,,,,,,,,,12.7,,,,,,,,
USS0011J70S,"CASCADE MOUNTAIN, UT US",2022,,373,373,91,91,185,,1,178,69,93,0,-1,47,,1.6,88,27,27,21,18,14,30,25,20,20,12,7713,7713,27.23,,44.1,52.2,36.1,,,,
USS0011J70S,"CASCADE MOUNTAIN, UT US",2023,,223,223,116,116,199,,2,157,69,69,0,-2,123,,1.8,88,29,23,23,16,14,31,24,24,19,12,8203,8203,44.46,,44,51.7,36.4,,,,
USS0011J70S,"CASCADE MOUNTAIN, UT US",2024,,362,362,110,110,203,,0,157,50,100,0,7,65,,1.7,87,28,24,22,19,16,29,21,21,19,13,7400,7400,37.44,,46,53.8,38.3,,,,
USS0011J70S,"CASCADE MOUNTAIN, UT US",2025,,302,302,87,87,158,,0,128,53,93,0,0,68,,2.3,87,32,24,24,19,16,29,20,20,20,13,7153,7153,28.85,,46.5,54,39.1,,,,
USC00427942,"SNYDERVILLE, UT US",2025,,,,,,114,,,,,,,,12,,,,,,,,,,,,,,,,,,,,,,,,
US1UTSJ0009,"BLANDING 0.3 WSW, UT US",2023,,,,67,36,,,,,,,,,,,1.04,,,,,,,,,,,,,,12.92,,,,,,,,
US1UTSJ0009,"BLANDING 0.3 WSW, UT US",2024,,,,61,32,,,,,,,,,,,1.16,,,,,,,,,,,,,,14.3,,,,,,,,
US1UTSJ0009,"BLANDING 0.3 WSW, UT US",2025,,,,51,27,,,,,,,,,,,1.25,,,,,,,,,,,,,,11.59,,,,,,,,
US1UTSL0079,"SALT LAKE CITY 1.8 SE, UT US",2022,,,,88,43,,,,,,,,,,,1.23,,,,,,,,,,,,,,15.92,,,,,,,,
US1UTSL0079,"SALT LAKE CITY 1.8 SE, UT US",2025,,,,79,33,,,,,,,,,,,1.33,,,,,,,,,,,,,,14.75,,,,,,,,
USS0012M06S,"LONG VALLEY JCT, UT US",2022,,265,265,62,62,145,,1,175,13,133,6,-1,29,,1.2,92,25,25,21,17,13,32,26,15,15,15,6434,6434,17.67,,47.2,60.6,33.9,,,,
USS0012M06S,"LONG VALLEY JCT, UT US",2023,,193,193,70,70,125,,0,173,14,115,6,2,60,,1.3,94,32,25,19,19,16,32,25,19,19,9,7400,7400,26.98,,45.9,58.9,33,,,,
USS0012M06S,"LONG VALLEY JCT, UT US",2024,,320,320,63,63,96,,0,172,4,146,5,4,32,,1.2,94,30,28,24,20,13,31,27,21,18,16,6331,6331,16.55,,49,62.5,35.6,,,,
USS0012M06S,"LONG VALLEY JCT, UT US",2025,,215,215,60,60,46,,0,137,3,131,4,4,18,,1.7,92,28,28,24,16,15,31,27,21,20,13,6025,6025,20.07,,49.4,63,35.9,,,,
USR0000CEDM,"CEDAR MOUNTAINS STOCKTON 24 W, UT US",2022,,1297,1297,,,,,0,159,17,168,77,1,,,,102,30,24,24,20,11,30,28,20,20,14,5850,5850,,,51.8,65.4,38.3,,,,
USR0000CEDM,"CEDAR MOUNTAINS STOCKTON 24 W, UT US",2023,,921,921,,,,,2,153,17,170,48,-2,,,,105,32,25,16,16,16,32,28,24,20,12,6237,6237,,,51,64.1,37.8,,,,
USR0000CEDM,"CEDAR MOUNTAINS STOCKTON 24 W, UT US",2024,,1297,1297,,,,,0,153,2,169,81,9,,,,107,30,28,23,15,15,32,26,24,17,16,5517,5517,,,53.7,67.9,39.5,,,,
USR0000CEDM,"CEDAR MOUNTAINS STOCKTON 24 W, UT US",2025,,1269,1269,,,,,0,118,7,170,79,2,,,,102,28,28,22,16,16,21,21,21,18,8,5266,5266,,,54.9,68.6,41.3,,,,
USC00428119,"SPANISH FORK POWER HOUSE, UT US",2022,,1236,1236,79,46,49,23,1,151,16,176,75,-1,10,6,1.14,101,32,22,22,16,16,32,23,23,9,9,5379,5379,18.41,57.4,52.6,65.2,40,,,,
USC00428119,"SPANISH FORK POWER HOUSE, UT US",2023,,910,910,86,57,69,26,1,137,17,174,43,-2,12,12,1.16,102,24,24,24,18,12,31,26,15,15,15,5975,5975,21.89,78.3,52,63.7,40.2,,,,
USC00428119,"SPANISH FORK POWER HOUSE, UT US",2024,,1278,1278,81,45,23,16,0,116,6,172,79,11,6,4.2,1.36,103,32,27,22,20,12,31,28,24,20,14,5055,5055,19.04,35.7,54.8,67.5,42.1,,,,
USC00428119,"SPANISH FORK POWER HOUSE, UT US",2025,,1166,1166,66,39,17,11,0,95,8,180,75,2,3,3.5,1.11,101,32,28,24,17,,27,27,19,19,16,4880,4880,18.08,23.5,55.5,68.3,42.7,,,,
USC00420928,"BRIGHAM CITY WASTE PLANT, UT US",2022,,925,925,,,,11,4,158,16,158,64,-4,,3,,100,25,25,23,19,16,31,28,21,13,13,6149,6149,13.6,23.9,49.9,63.4,36.3,,,,
USC00420928,"BRIGHAM CITY WASTE PLANT, UT US",2023,,714,714,70,45,,20,3,157,17,160,35,-16,,8.1,2.65,99,25,25,19,19,15,32,24,24,15,15,6505,6505,21.27,60.6,49.8,61.9,37.7,,,,
USC00420928,"BRIGHAM CITY WASTE PLANT, UT US",2024,,928,928,54,37,,6,2,131,5,164,55,-9,,6.7,1.15,101,29,28,23,16,16,31,28,20,20,0,5618,5618,15.89,17.8,52.4,65.5,39.4,,,,
USC00420928,"BRIGHAM CITY WASTE PLANT, UT US",2025,,875,875,,,,6,0,114,5,168,66,4,,3.6,,98,28,28,21,16,16,25,25,22,19,14,5356,5356,12.07,11.3,53.5,67.2,39.9,,,,
USC00422828,"FILLMORE, UT US",2022,,1498,1498,,,,14,1,144,16,185,71,0,,11.5,,102,31,26,19,19,16,32,22,22,19,15,5443,5443,,38.2,53.9,66.8,41.1,,,,
USC00422828,"FILLMORE, UT US",2024,,,,,,,,,,,,,,,,,,,,,,,,,,,,,,12.01,,,,,,,,
USC00422828,"FILLMORE, UT US",2025,,1390,1390,,,1,5,0,114,10,172,73,7,10,10,,99,32,28,18,18,16,26,26,18,18,12,4949,4949,,24.5,56,68.2,43.8,,,,
USC00422389,"EDEN, UT US",2022,,573,573,80,47,118,22,9,184,38,146,42,-9,19,16,1.83,101,32,25,21,19,13,31,28,22,18,-1,7020,7020,26.59,81.5,46.2,60.2,32.2,,,,
USC00422389,"EDEN, UT US",2023,,441,441,116,75,,41,6,176,39,150,25,-14,,16,1.83,98,22,22,22,20,14,32,26,24,20,13,7597,7597,36.4,201.1,45.9,58.4,33.3,,,,
USC00422389,"EDEN, UT US",2024,,611,611,,,,,1,167,19,153,41,-3,,,,100,29,27,21,17,12,29,28,22,18,10,6738,6738,,,48.5,61.6,35.4,,,,
USC00422389,"EDEN, UT US",2025,,549,549,,,,,2,142,18,151,42,-6,,,,97,32,26,20,20,14,31,23,23,20,16,6485,6485,,,50,63.8,36.2,,,,
US1UTSL0117,"MURRAY 1.8 SE, UT US",2022,,,,73,33,,,,,,,,,,,0.95,,,,,,,,,,,,,,12.2,,,,,,,,
US1UTSL0117,"MURRAY 1.8 SE, UT US",2023,,,,117,51,,,,,,,,,,,0.94,,,,,,,,,,,,,,20.67,,,,,,,,
US1UTSL0117,"MURRAY 1.8 SE, UT US",2024,,,,99,51,,,,,,,,,,,1.12,,,,,,,,,,,,,,17.43,,,,,,,,
US1UTSL0117,"MURRAY 1.8 SE, UT US",2025,,,,73,38,,,,,,,,,,,0.85,,,,,,,,,,,,,,13.2,,,,,,,,
USC00425892,"MOUNTAIN DELL DAM, UT US",2022,,552,552,101,66,103,,9,194,24,153,56,-9,15,,1.6,98,31,28,24,19,12,31,28,24,15,15,6782,6782,25.49,,46.6,62,31.2,,,,
USC00425892,"MOUNTAIN DELL DAM, UT US",2023,,393,393,138,71,120,,6,177,28,153,28,-17,30,,1.13,97,27,27,19,19,14,32,27,24,19,4,7423,7423,29.56,,46.6,60.4,32.7,,,,
USC00425892,"MOUNTAIN DELL DAM, UT US",2024,,506,506,120,68,90,25,2,171,13,161,45,0,12,7,1.28,99,32,26,24,17,15,32,26,22,18,12,6459,6459,25.62,77.1,48.8,63.5,34.1,,,,
USC00425892,"MOUNTAIN DELL DAM, UT US",2025,,373,373,104,51,69,,6,165,14,161,47,-7,8,,1.95,96,29,22,22,18,12,32,28,20,20,4,6348,6348,21.97,,49.4,64.9,33.9,,,,
USC00420086,"ALTON, UT US",2022,,348,348,49,37,86,12,4,194,19,147,17,-1,24,10,1.43,96,30,25,22,19,11,32,26,19,19,11,6313,6313,17.92,53,47.2,61.8,32.6,,,,
USC00420086,"ALTON, UT US",2023,,257,257,73,56,110,24,2,185,28,134,17,-1,56,13,1.79,97,30,25,19,19,14,30,25,24,18,11,7639,7639,24.87,124.2,45.6,59.5,31.7,,,,
USC00420086,"ALTON, UT US",2024,,467,467,56,41,44,16,0,189,10,156,34,7,22,13,1.08,99,27,27,20,20,14,30,28,20,20,14,6431,6431,15.25,52.4,49.3,64.2,34.3,,,,
USC00420086,"ALTON, UT US",2025,,337,337,55,39,19,11,0,161,4,149,31,2,20,14,1.58,95,30,27,23,19,16,31,27,19,19,15,6024,6024,16.54,45.2,49.8,65.3,34.4,,,,
USC00426644,"PARK CITY, UT US",2022,,318,318,,,,,6,188,66,106,2,-6,,,,90,32,25,22,20,12,29,23,23,18,13,,,,,43.4,54.4,32.4,,,,
USC00426644,"PARK CITY, UT US",2023,,181,181,,,,,6,180,64,102,1,-12,,,,91,31,27,15,15,15,32,28,24,20,11,8605,8605,,,42.8,53.5,32.2,,,,
USC00426644,"PARK CITY, UT US",2024,,,,,,,,,,,,,,,,,,,,,,,,,,,,,,,,,,,,,,
USC00426644,"PARK CITY, UT US",2025,,,,,,,24,,,,,,,,8,,,,,,,,,,,,,7377,7377,,72.6,,,,,,,
USC00426405,"OGDEN NE BENCH, UT US",2022,,1312,1312,84,47,36,17,0,147,21,153,68,6,12,6,1.38,103,30,28,21,20,10,32,26,16,16,16,5760,5760,17.94,54.2,51.8,62.9,40.7,,,,
USC00426405,"OGDEN NE BENCH, UT US",2023,,981,981,123,71,91,37,2,149,18,159,35,-1,18,11.2,1.17,100,30,28,24,20,16,32,28,20,20,16,6140,6140,28.2,132.5,51.5,61.6,41.3,,,,
USC00426405,"OGDEN NE BENCH, UT US",2024,,1239,1239,106,63,33,17,0,123,5,157,55,9,16,7.2,1.33,102,31,27,24,,,32,24,24,20,9,5413,5413,24.21,58.1,53.8,64.4,43.2,,,,
USC00426405,"OGDEN NE BENCH, UT US",2025,,1203,1203,74,42,29,13,0,96,8,160,54,9,9,8.2,1.09,98,27,27,22,19,,31,28,23,16,16,5178,5178,19.52,43.8,54.9,65.5,44.2,,,,
USC00426405,"OGDEN NE BENCH, UT US",2026,,,,,,,,,,,,,,,,,,,,,,,,,,,,,,,,,,,,,,
USR0000AQUA,"AQUA CANYON BRYCE CANYON NP., UT US",2022,,215,215,,,,,1,177,28,95,0,-1,,,,88,28,28,17,17,14,31,26,23,11,11,6901,6901,,,45.4,55.8,35,,,,
USR0000AQUA,"AQUA CANYON BRYCE CANYON NP., UT US",2023,,218,218,,,,,1,168,52,71,1,0,,,,90,28,28,16,16,16,29,27,24,20,16,8135,8135,,,43.7,53.3,34.2,,,,
USR0000AQUA,"AQUA CANYON BRYCE CANYON NP., UT US",2024,,290,290,,,,,0,171,31,118,0,4,,,,88,23,23,23,20,16,30,28,24,18,14,7146,7146,,,46.7,56.7,36.8,,,,
USR0000AQUA,"AQUA CANYON BRYCE CANYON NP., UT US",2025,,263,263,,,,,0,134,27,104,0,1,,,,86,31,26,24,16,16,26,26,24,17,8,6657,6657,,,47.3,57.3,37.2,,,,
USC00424508,"KANAB, UT US",2022,,1350,1350,35,30,2,7,0,129,0,205,86,8,1,5,1.2,103,28,28,24,18,8,30,28,21,17,15,4073,4073,10.07,19.5,56.7,72.3,41,,,,
USC00424508,"KANAB, UT US",2023,,1030,1030,74,51,10,13,0,115,1,195,55,1,4,6.5,1,105,30,25,24,17,16,28,28,19,19,1,4599,4599,17.93,30.4,55.6,69.9,41.2,,,,
USC00424508,"KANAB, UT US",2024,,1539,1539,46,24,3,5,0,117,0,197,108,4,1,2.5,0.66,106,27,27,17,17,14,30,25,24,20,14,4025,4025,8.62,8.5,57.9,73.3,42.5,,,,
USC00424508,"KANAB, UT US",2025,,1266,1266,46,30,0,3,0,98,0,215,84,11,0,3,0.82,104,32,27,23,,,29,23,23,17,14,3975,3975,9.37,5,58.4,74,42.7,,,,
USS0012M03S,"WEBSTER FLAT, UT US",2022,,42,42,73,73,174,,1,180,22,63,0,0,46,,1.5,83,27,27,19,19,16,32,27,24,11,11,7507,7507,26.37,,43.7,54.4,32.9,,,,
USS0012M03S,"WEBSTER FLAT, UT US",2023,,,,94,94,184,,,,,,,,96,,2.1,,,,,,,,,,,,,,42.48,,,,,,,,
USS0012M03S,"WEBSTER FLAT, UT US",2024,,44,44,91,91,184,,0,173,20,97,0,1,55,,2,83,30,24,21,18,16,30,25,20,20,16,7569,7569,27.16,,45,55.4,34.7,,,,
USS0012M03S,"WEBSTER FLAT, UT US",2025,,28,28,76,76,153,,0,139,19,69,0,3,38,,2.9,83,31,22,22,17,14,28,28,18,18,11,7213,7213,30.57,,45.4,55.8,35.1,,,,
USS0011J08S,"STRAWBERRY DIVIDE, UT US",2022,,111,111,91,91,193,,4,204,77,95,0,-2,50,,1.6,86,26,26,20,20,16,31,27,24,15,15,8505,8505,26.85,,41.2,51.6,30.7,,,,
USS0011J08S,"STRAWBERRY DIVIDE, UT US",2023,,47,47,102,102,201,,3,189,85,67,0,-5,100,,1.5,86,31,27,16,16,16,30,27,22,17,16,9240,9240,33.78,,40.1,50.1,30,,,,
USS0011J08S,"STRAWBERRY DIVIDE, UT US",2024,,138,138,115,115,203,,1,199,67,101,0,0,62,,1.7,89,29,24,24,18,13,26,26,23,16,8,8670,8670,33.63,,42,52.7,31.3,,,,
USS0011J08S,"STRAWBERRY DIVIDE, UT US",2025,,52,52,84,84,157,,5,163,60,85,0,-2,53,,1.1,86,29,27,22,20,14,29,27,12,12,12,8211,8211,23.56,,43,52.6,33.4,,,,
USR0000JOES,"JOES VALLEY UTAH, UT US",2022,,232,232,,,,,1,190,59,85,0,0,,,,85,27,27,19,19,16,32,23,23,20,10,7991,7991,,,43.2,51.7,34.6,,,,
USR0000JOES,"JOES VALLEY UTAH, UT US",2023,,138,138,,,,,0,175,57,62,0,2,,,,86,32,27,23,17,15,31,26,22,18,16,8563,8563,,,42.5,51,34,,,,
USR0000JOES,"JOES VALLEY UTAH, UT US",2024,,191,191,,,,,0,181,61,92,0,5,,,,86,27,27,23,20,14,28,28,17,17,16,7807,7807,,,44.1,52.3,35.9,,,,
USR0000JOES,"JOES VALLEY UTAH, UT US",2025,,201,201,,,,,0,137,39,86,0,1,,,,85,32,28,24,17,14,26,26,15,15,15,7211,7211,,,45.6,53.9,37.5,,,,
USC00427064,"PROVO BYU, UT US",2022,,1459,1459,82,38,43,16,0,135,15,179,84,7,8,3.9,0.86,104,27,27,20,20,16,29,28,15,15,15,4933,4933,12.77,38.9,54.5,67.5,41.5,,,,
USC00427064,"PROVO BYU, UT US",2023,,,,107,50,45,18,,,7,182,60,,9,9.1,0.9,105,,,,,,,,,,,5411,5411,19.06,48.9,,66.3,,,,,
USC00427064,"PROVO BYU, UT US",2024,,1428,1428,,,21,7,0,89,2,178,84,15,5,2.8,,105,29,23,23,20,,30,28,21,15,15,,,16.34,17.8,56.6,69.2,44.1,,,,
USC00427064,"PROVO BYU, UT US",2025,,1481,1481,70,36,14,6,0,77,2,184,84,9,3,3.1,1.21,102,29,28,19,19,,31,28,23,16,16,4440,4440,13.15,14.7,57.6,70.3,45,,,,
USS0009M02S,"CAMP JACKSON, UT US",2022,,72,72,66,66,163,,0,166,26,75,0,5,30,,1.4,83,24,24,24,17,13,32,26,23,14,14,,,22.39,,44.3,53.7,34.9,,,,
USS0009M02S,"CAMP JACKSON, UT US",2023,,69,69,79,79,174,,0,165,43,63,0,2,87,,2.5,85,31,21,21,20,13,32,27,22,9,9,8318,8318,36.07,,43.4,52.8,33.9,,,,
USS0009M02S,"CAMP JACKSON, UT US",2024,,25,25,79,79,176,,0,165,19,84,0,1,49,,1.5,83,32,27,24,19,14,24,24,24,17,13,7261,7261,27.66,,45.3,54.6,36.1,,,,
USS0009M02S,"CAMP JACKSON, UT US",2025,,60,60,70,70,142,,0,127,17,84,0,3,23,,2.1,83,30,28,24,20,16,31,26,23,16,13,7154,7154,23.58,,46.1,55.6,36.5,,,,
USS0010M01S,"LONESOME BEAVER, UT US",2022,,,,59,59,182,,,,,,,,26,,1.9,,,,,,,,,,,,7709,7709,18.48,,,,,,,,
USS0010M01S,"LONESOME BEAVER, UT US",2023,,81,81,79,79,174,,0,155,59,41,0,4,52,,1.2,83,29,28,20,18,13,31,28,18,18,11,,,24.27,,42.5,49.2,35.8,,,,
USS0010M01S,"LONESOME BEAVER, UT US",2024,,87,87,71,71,156,,0,153,41,60,0,6,35,,2.6,81,31,24,24,19,14,29,27,20,20,16,7675,7675,21.84,,44.7,51.5,38,,,,
USS0010M01S,"LONESOME BEAVER, UT US",2025,,104,104,66,66,82,,0,119,33,67,0,4,9,,1.2,80,28,26,20,20,15,29,28,16,16,12,7269,7269,17.87,,45.6,52.4,38.8,,,,
USS0011J64S,"LOOKOUT PEAK, UT US",2022,,99,99,93,93,217,,10,201,77,83,0,-6,64,,3,87,24,24,24,18,11,32,25,22,19,11,8769,8769,40.56,,40.3,49.9,30.8,,,,
USS0011J64S,"LOOKOUT PEAK, UT US",2023,,62,62,120,120,227,,4,184,88,52,0,-9,164,,4.5,84,31,26,14,14,14,31,27,21,19,13,9423,9423,58.06,,39.9,49,30.8,,,,
USS0011J64S,"LOOKOUT PEAK, UT US",2024,,115,115,109,109,219,,0,190,74,83,0,2,92,,2.2,85,29,26,22,19,16,24,24,24,20,14,8664,8664,46.66,,42.1,50.9,33.3,,,,
USS0011J64S,"LOOKOUT PEAK, UT US",2025,,64,64,89,89,203,,4,157,67,71,0,-4,90,,2.9,83,31,25,18,18,15,31,26,16,16,15,8399,8399,38.57,,42.5,50.3,34.8,,,,
USC00427846,"SILVER LAKE BRIGHTON, UT US",2022,,24,24,107,67,208,60,15,223,86,73,0,-10,64,18,2.04,82,31,20,20,20,16,32,27,21,15,15,,,32.12,296.6,37.6,48.4,26.7,,,,
USC00427846,"SILVER LAKE BRIGHTON, UT US",2023,,15,15,146,84,216,76,22,208,102,51,0,-12,146,20.1,1.84,81,31,26,20,20,10,32,28,20,20,15,10559,10559,46.05,441.3,36.6,46.9,26.4,,,,
USC00427846,"SILVER LAKE BRIGHTON, UT US",2024,,25,25,145,94,212,79,5,212,89,73,0,-3,90,13.5,1.35,82,29,26,24,16,16,23,23,23,13,13,9685,9685,40.63,366,39.2,49.2,29.1,,,,
USC00427846,"SILVER LAKE BRIGHTON, UT US",2025,,21,21,117,73,173,52,11,201,64,77,0,-14,85,15.1,2.5,84,30,24,24,11,11,30,25,24,8,8,9289,9289,35.01,258.7,40.2,50.4,29.9,,,,
USS0011J52S,"PARLEY S SUMMIT, UT US",2022,,300,300,104,104,197,,3,195,72,100,0,-7,51,,2,89,27,27,20,19,15,30,24,24,18,12,8105,8105,33.14,,42.8,52.4,33.2,,,,
USS0011J52S,"PARLEY S SUMMIT, UT US",2023,,169,169,110,110,198,,2,174,71,74,0,-7,114,,1.9,87,32,18,18,18,13,29,27,24,18,16,8692,8692,40.67,,42.3,51.5,33.1,,,,
USS0011J52S,"PARLEY S SUMMIT, UT US",2024,,277,277,105,105,195,,0,184,54,106,1,5,58,,1.5,90,32,28,22,20,14,28,28,21,19,14,7867,7867,36.06,,44.7,54.1,35.3,,,,
USS0011J52S,"PARLEY S SUMMIT, UT US",2025,,267,267,87,87,148,,2,152,49,99,0,-3,62,,1.6,87,31,23,23,17,14,27,27,16,16,15,7570,7570,27.86,,45.5,54.8,36.2,,,,
US1UTWB0001,"WEST HAVEN 2.0 SW, UT US",2022,,,,73,32,,11,,,,,,,,5.5,1.27,,,,,,,,,,,,,,12.04,35,,,,,,,
US1UTWB0001,"WEST HAVEN 2.0 SW, UT US",2023,,,,114,60,,22,,,,,,,,6.5,0.94,,,,,,,,,,,,,,19.71,59.1,,,,,,,
US1UTWB0001,"WEST HAVEN 2.0 SW, UT US",2024,,,,88,50,,12,,,,,,,,6,0.81,,,,,,,,,,,,,,18.13,34.5,,,,,,,
US1UTWB0001,"WEST HAVEN 2.0 SW, UT US",2025,,,,65,32,,9,,,,,,,,3,1.28,,,,,,,,,,,,,,13.33,17.5,,,,,,,
USW00093129,"CEDAR CITY AIRPORT, UT US",2022,8.1,880,880,57,27,,,3,169,18,174,44,-1,,,0.63,99,32,22,22,18,15,29,27,21,16,12,5672,5672,7.8,,50.8,65.2,36.5,190,190,51,72
USW00093129,"CEDAR CITY AIRPORT, UT US",2023,8.1,645,645,80,31,,,2,162,15,168,38,-4,,,0.67,102,31,27,21,13,13,29,27,14,14,14,6335,6335,10.75,,50.2,64.3,36.2,180,190,47,63.1
USW00093129,"CEDAR CITY AIRPORT, UT US",2024,8.3,1100,1100,66,25,,,0,153,6,174,78,0,,,0.94,103,32,27,19,19,13,32,26,22,14,14,5459,5459,8.08,,53.4,67.9,38.9,190,210,48.1,65.1
USW00093129,"CEDAR CITY AIRPORT, UT US",2025,,774,774,59,29,,,0,137,1,175,52,0,,,1.18,98,32,28,24,17,13,28,26,23,17,15,5194,5194,10.5,,53.3,68,38.6,,,,
USC00421759,"COTTONWOOD WEIR, UT US",2022,,1555,1555,95,52,50,25,0,128,20,161,68,7,16,8,0.87,101,31,25,23,20,13,31,24,24,19,15,5393,5393,20.96,63.8,53.6,63.9,43.4,,,,
USC00421759,"COTTONWOOD WEIR, UT US",2023,,1112,1112,108,63,95,28,0,116,25,162,40,1,20,15,1.51,100,32,28,22,19,16,32,23,23,20,14,5530,5530,27.22,114.4,53.6,63.5,43.7,,,,
USC00421759,"COTTONWOOD WEIR, UT US",2024,,1296,1296,87,52,38,15,0,107,6,168,59,12,9,6,1.06,101,32,25,22,20,15,28,28,22,20,12,5119,5119,22.02,45.9,54.5,65.6,43.4,,,,
USC00421759,"COTTONWOOD WEIR, UT US",2025,,1433,1433,71,35,51,14,0,85,14,172,66,8,11,11,1.79,99,31,21,21,19,,32,28,23,15,15,5023,5023,19.59,56.9,56.1,66.8,45.4,,,,
USS0013M07S,"GARDNER PEAK, UT US",2022,,191,191,52,52,168,,0,151,23,94,0,4,41,,2.2,85,29,22,22,19,15,30,23,23,16,16,6653,6653,19.27,,46.5,55.8,37.3,,,,
USS0013M07S,"GARDNER PEAK, UT US",2023,,159,159,92,92,171,,0,143,27,58,0,4,65,,2.1,87,31,20,20,18,13,32,23,23,19,13,7545,7545,34.85,,45.3,54,36.6,,,,
USS0013M07S,"GARDNER PEAK, UT US",2024,,289,289,77,77,184,,0,144,15,108,0,9,42,,1.4,88,32,27,24,19,16,31,24,24,18,16,6723,6723,20.55,,48.2,57.2,39.1,,,,
USS0013M07S,"GARDNER PEAK, UT US",2025,,210,210,55,55,136,,0,105,13,86,0,9,19,,3.3,86,29,26,21,20,,32,23,23,16,15,6251,6251,23.78,,48.6,57.3,40,,,,
USC00420788,"BLUFF, UT US",2022,,1620,1620,47,25,0,3,0,141,0,202,97,5,0,4.5,0.62,105,27,27,22,18,16,29,26,24,17,16,4742,4742,8.04,8.1,55.9,71.6,40.1,,,,
USC00420788,"BLUFF, UT US",2023,,1340,1340,48,24,3,3,0,138,0,199,78,2,2,3.4,0.63,105,30,18,18,18,16,27,27,22,11,11,4926,4926,6.56,8,55.5,70.7,40.2,,,,
USC00420788,"BLUFF, UT US",2024,,1630,1630,44,19,1,2,0,123,1,199,101,8,1,1.4,1.08,104,29,28,23,20,16,31,27,23,17,15,4453,4453,6.19,3.2,57.2,72.6,41.8,,,,
USC00420788,"BLUFF, UT US",2025,,1594,1594,39,19,0,0,1,126,1,191,96,0,0,0.4,0.84,104,29,28,24,20,15,29,25,23,10,10,4611,4611,6.82,0.4,57.6,73.3,41.9,,,,
USC00429595,"WOODRUFF, UT US",2022,,229,229,48,35,,10,54,237,57,132,16,-25,,10,1.14,95,27,27,24,16,16,31,28,22,17,15,8585,8585,9.81,36.9,40.2,57.1,23.2,,,,
USC00429595,"WOODRUFF, UT US",2023,,131,131,53,36,116,13,46,219,69,138,11,-28,34,15,0.95,95,22,22,22,19,10,30,27,23,20,13,9588,9588,11.1,53.2,39.8,54.9,24.7,,,,
USC00429595,"WOODRUFF, UT US",2024,,,,44,30,100,16,,,,,,,11,6,0.75,,,,,,,,,,,,,,8.69,38.4,,,,,,,
USC00429595,"WOODRUFF, UT US",2025,,63,63,50,28,48,7,28,209,35,143,13,-23,6,6.5,0.7,96,29,28,19,19,15,30,25,24,19,16,8005,8005,9.34,20.2,43.8,60.1,27.5,,,,
USS0011H07S,"GARDEN CITY SUMMIT, UT US",2022,,43,43,80,80,208,,33,244,88,94,1,-13,52,,1.6,90,27,27,24,20,15,28,28,23,19,15,9796,9796,25.87,,37.3,50.8,23.8,,,,
USS0011H07S,"GARDEN CITY SUMMIT, UT US",2023,,,,118,118,220,,,,,,,,101,,1.2,,,,,,,,,,,,,,34.64,,,,,,,,
USS0011H07S,"GARDEN CITY SUMMIT, UT US",2024,,37,37,99,99,204,,14,229,65,92,0,-9,74,,1,89,29,28,22,20,15,29,22,22,13,13,9521,9521,28.05,,39.2,52.2,26.1,,,,
USS0011H07S,"GARDEN CITY SUMMIT, UT US",2025,,13,13,89,89,198,,18,216,63,90,0,-15,69,,1,87,30,27,23,14,14,27,27,23,11,11,9455,9455,29.66,,40,52.1,27.8,,,,
USS0011J65S,"MILL D NORTH, UT US",2022,,151,151,114,114,211,,6,199,77,74,0,-5,65,,1.9,87,22,22,22,16,16,30,24,24,20,16,8818,8818,38.36,,40.7,49.4,32,,,,
USS0011J65S,"MILL D NORTH, UT US",2023,,72,72,126,126,228,,6,180,86,42,0,-9,155,,1.4,81,30,25,-1,-1,-1,31,25,18,18,13,9380,9380,53.88,,39.8,48.3,31.3,,,,
USS0011J65S,"MILL D NORTH, UT US",2024,,138,138,129,129,217,,0,188,74,72,0,2,87,,1.3,83,32,28,24,17,16,24,24,23,17,15,8743,8743,43.73,,42,50.3,33.9,,,,
USS0011J65S,"MILL D NORTH, UT US",2025,,97,97,118,118,170,,5,166,69,70,0,-8,85,,1.1,83,31,27,23,16,13,29,22,22,15,15,8411,8411,31.64,,42.3,49.8,34.7,,,,
USC00426640,"PARIA RANGER STATION, UT US",2022,,,,,,0,0,,,,,,,0,0,,,,,,,,,,,,,,,,0,,,,,,,
USC00426640,"PARIA RANGER STATION, UT US",2024,,,,,,0,,,,,,,,0,,,,,,,,,,,,,,,,,,,,,,,,
USC00426640,"PARIA RANGER STATION, UT US",2025,,,,,,0,0,,,,,,,0,0.1,,,,,,,,,,,,,,,,0.2,,,,,,,
USR0000KANE,"KANE GULCH BLANDING 23 WSW, UT US",2022,,820,820,,,,,0,163,5,161,41,1,,,,99,30,27,24,16,16,29,28,21,20,16,5844,5844,,,50.5,64.6,36.4,,,,
USR0000KANE,"KANE GULCH BLANDING 23 WSW, UT US",2023,,595,595,,,,,1,160,10,164,34,0,,,,100,28,28,21,10,10,31,28,20,20,15,6524,6524,,,49.5,63.6,35.4,,,,
USR0000KANE,"KANE GULCH BLANDING 23 WSW, UT US",2024,,907,907,,,,,3,168,4,170,49,-5,,,,99,32,26,24,19,14,31,26,16,16,16,5754,5754,,,51.8,65.8,37.9,,,,
USR0000KANE,"KANE GULCH BLANDING 23 WSW, UT US",2025,,737,737,,,,,2,150,3,164,44,-4,,,,97,29,27,15,15,15,26,26,24,14,14,5638,5638,,,52.1,66.8,37.5,,,,
US1UTSL0025,"COTTONWOOD HEIGHTS 1.6 SE, UT US",2022,,,,94,47,,,,,,,,,,,1.28,,,,,,,,,,,,,,20.52,,,,,,,,
US1UTSL0025,"COTTONWOOD HEIGHTS 1.6 SE, UT US",2023,,,,126,61,,,,,,,,,,,1.18,,,,,,,,,,,,,,26.83,,,,,,,,
US1UTSL0025,"COTTONWOOD HEIGHTS 1.6 SE, UT US",2025,,,,88,39,,,,,,,,,,,1.13,,,,,,,,,,,,,,19.02,,,,,,,,
US1UTDV0042,"CLINTON 0.9 WNW, UT US",2022,,,,80,30,,,,,,,,,,,0.92,,,,,,,,,,,,,,10.44,,,,,,,,
US1UTDV0042,"CLINTON 0.9 WNW, UT US",2023,,,,126,55,,,,,,,,,,,0.98,,,,,,,,,,,,,,18.57,,,,,,,,
US1UTDV0042,"CLINTON 0.9 WNW, UT US",2024,,,,103,50,,,,,,,,,,,0.96,,,,,,,,,,,,,,17.4,,,,,,,,
US1UTDV0042,"CLINTON 0.9 WNW, UT US",2025,,,,84,36,,,,,,,,,,,1.18,,,,,,,,,,,,,,13.56,,,,,,,,
USR0000ASSA,"ASSAY HATCH 10 SW, UT US",2022,,221,221,,,,,3,191,27,120,0,-5,,,,89,30,22,22,18,15,28,28,23,11,11,7011,7011,,,45.2,58.1,32.4,,,,
USR0000ASSA,"ASSAY HATCH 10 SW, UT US",2023,,160,160,,,,,3,180,35,91,3,-5,,,,93,30,28,24,20,15,30,27,24,17,7,8157,8157,,,43.7,56.1,31.3,,,,
USR0000ASSA,"ASSAY HATCH 10 SW, UT US",2024,,253,253,,,,,0,188,15,132,4,1,,,,92,26,26,23,18,16,32,26,21,20,14,7091,7091,,,46.8,59.5,34.1,,,,
USR0000ASSA,"ASSAY HATCH 10 SW, UT US",2025,,195,195,,,,,3,159,14,121,2,-2,,,,91,29,28,23,19,11,28,28,23,17,16,6698,6698,,,47.4,60.3,34.6,,,,
USS0010K02S,"WHITE RIVER NUMBER 1, UT US",2022,,92,92,83,83,184,,5,196,59,84,0,-2,42,,1.3,86,27,27,19,19,15,31,26,23,17,7,8468,8468,21.56,,41.4,51.9,30.8,,,,
USS0010K02S,"WHITE RIVER NUMBER 1, UT US",2023,,34,34,91,91,180,,5,183,61,59,0,-7,71,,1.4,84,29,18,18,18,12,29,25,22,15,15,9110,9110,27.06,,40.8,50.8,30.8,,,,
USS0010K02S,"WHITE RIVER NUMBER 1, UT US",2024,,64,64,98,98,201,,0,195,44,93,0,4,57,,1.4,84,31,25,18,18,15,27,27,22,17,15,8254,8254,27.76,,42.7,52.8,32.6,,,,
USS0010K02S,"WHITE RIVER NUMBER 1, UT US",2025,,42,42,75,75,168,,2,168,41,83,0,-4,43,,1.6,84,31,28,23,18,15,30,27,24,12,12,8052,8052,19.36,,43.7,54,33.4,,,,
US1UTWS0006,"HEBER CITY 2.4 SSE, UT US",2022,,,,78,38,,,,,,,,,,,1.1,,,,,,,,,,,,,,13.47,,,,,,,,
US1UTWS0006,"HEBER CITY 2.4 SSE, UT US",2023,,,,118,67,,,,,,,,,,,1.98,,,,,,,,,,,,,,22.84,,,,,,,,
US1UTWS0006,"HEBER CITY 2.4 SSE, UT US",2025,,,,72,29,,,,,,,,,,,1.35,,,,,,,,,,,,,,10.99,,,,,,,,
USS0011K39S,"PICKLE KEG, UT US",2022,,,,84,84,192,,,,,,,,40,,1.2,,,,,,,,,,,,,,26.06,,,,,,,,
USS0011K39S,"PICKLE KEG, UT US",2023,,59,59,99,99,189,,4,174,69,50,0,-5,78,,1.4,83,29,27,24,14,14,31,24,24,14,14,9124,9124,31.15,,40.9,49.7,32.1,,,,
USS0011K39S,"PICKLE KEG, UT US",2024,,87,87,105,105,203,,0,187,51,86,0,1,51,,2.7,82,31,23,23,19,16,28,26,16,16,15,8229,8229,34.55,,43.1,52,34.1,,,,
USS0011K39S,"PICKLE KEG, UT US",2025,,66,66,74,74,162,,2,156,47,76,0,-4,58,,1.2,82,29,27,24,18,10,29,24,14,14,14,7861,7861,20.63,,43.8,52.8,34.8,,,,
US1UTWS0008,"HEBER CITY 10.1 ESE, UT US",2022,,,,116,57,205,54,,,,,,,48,12,1.18,,,,,,,,,,,,,,26.33,231.5,,,,,,,
US1UTWS0008,"HEBER CITY 10.1 ESE, UT US",2023,,,,147,85,212,66,,,,,,,102,18,1.88,,,,,,,,,,,,,,35.93,298.8,,,,,,,
US1UTWS0008,"HEBER CITY 10.1 ESE, UT US",2025,,,,110,55,170,43,,,,,,,46,11,1.12,,,,,,,,,,,,,,20.87,167.2,,,,,,,
USW00093141,"PRICE CARBON CO AIRPORT, UT US",2022,7.4,962,962,50,23,,,1,164,20,160,55,-1,,,0.64,98,32,26,21,18,15,32,19,19,19,14,6197,6197,6.4,,50,63.1,37,60,240,40,65.1
USW00093141,"PRICE CARBON CO AIRPORT, UT US",2023,6.5,,,72,37,,,,,,,,,,,1.21,,,,,,,,,,,,6856,6856,10.8,,,,,280,280,40,61.1
USW00093141,"PRICE CARBON CO AIRPORT, UT US",2024,,,,,,,,,,,,,,,,,,,,,,,,,,,,,,,,,,,,,,
USW00093141,"PRICE CARBON CO AIRPORT, UT US",2025,,864,864,33,11,,,0,131,7,154,57,2,,,1.34,99,31,28,20,20,15,30,21,21,19,10,,,4.43,,52.6,65.6,39.5,,,,
US1UTBE0008,"GARLAND 1.0 SE, UT US",2022,,,,74,37,,,,,,,,,,,2.95,,,,,,,,,,,,,,15.86,,,,,,,,
US1UTBE0008,"GARLAND 1.0 SE, UT US",2023,,,,125,68,,,,,,,,,,,1.44,,,,,,,,,,,,,,25.49,,,,,,,,
US1UTBE0008,"GARLAND 1.0 SE, UT US",2024,,,,110,52,,,,,,,,,,,0.85,,,,,,,,,,,,,,18.09,,,,,,,,
US1UTBE0008,"GARLAND 1.0 SE, UT US",2025,,,,79,33,,,,,,,,,,,1.17,,,,,,,,,,,,,,15.23,,,,,,,,
USC00422578,"EPHRAIM, UT US",2022,,,,,,,,,,,,,,,,,,,,,,,,,,,,,,8.8,,,,,,,,
USC00422578,"EPHRAIM, UT US",2023,,454,454,,,,,17,198,36,168,44,-12,,,,103,31,27,15,15,15,31,27,24,18,14,7580,7580,,,46.2,62.3,30.1,,,,
USC00422578,"EPHRAIM, UT US",2024,,671,671,,,,,2,187,5,164,67,-6,,,,103,32,26,23,16,16,28,28,23,19,15,6370,6370,,,49.5,65.9,33.1,,,,
USC00422578,"EPHRAIM, UT US",2025,,541,541,70,29,,,2,187,6,171,75,-4,,,0.73,101,27,27,24,18,16,31,26,24,20,16,6145,6145,7.63,,50.1,68,32.3,,,,
USW00024127,"SALT LAKE CITY INTERNATIONAL AIRPORT, UT US",2022,7.8,1909,1909,86,36,46,13,0,119,15,170,86,9,7,6.9,0.76,107,32,26,21,15,15,30,20,20,16,12,5130,5130,12.61,43.1,55.8,66.4,45.1,270,270,45,67.1
USW00024127,"SALT LAKE CITY INTERNATIONAL AIRPORT, UT US",2023,7.8,1588,1588,105,46,28,16,0,114,9,173,52,9,9,11.5,1.31,106,32,25,22,,,32,27,19,19,10,5238,5238,17.68,66.1,55.5,65.3,45.6,260,320,45,69.1
USW00024127,"SALT LAKE CITY INTERNATIONAL AIRPORT, UT US",2024,8.1,1792,1792,88,45,13,10,0,91,2,171,80,14,3,3.9,1.08,106,30,25,23,,,32,26,20,15,15,4647,4647,14.81,26.3,57.4,68,46.7,180,180,46.1,67.1
USW00024127,"SALT LAKE CITY INTERNATIONAL AIRPORT, UT US",2025,,1671,1671,75,36,9,7,0,82,5,166,74,15,2,3.3,2.47,104,30,28,22,,,32,25,17,17,15,4562,4562,14.22,16.1,57.7,68.1,47.3,,,,
USW00024126,"OGDEN HINKLEY AIRPORT, UT US",2022,6.9,1620,1620,76,37,,,0,126,19,166,80,5,,,0.67,105,32,27,23,19,8,28,26,16,16,12,5302,5302,11.45,,54.1,65.3,42.9,170,360,42.9,57.9
USW00024126,"OGDEN HINKLEY AIRPORT, UT US",2023,6.9,1382,1382,106,49,,,1,122,13,167,48,-1,,,1.05,105,32,27,22,19,,31,20,20,19,15,5673,5673,18.24,,53.9,63.9,43.8,210,220,42.9,61.1
USW00024126,"OGDEN HINKLEY AIRPORT, UT US",2024,7.2,1775,1775,84,47,,,0,84,5,171,82,6,,,1.31,106,29,27,23,,,32,25,21,19,6,4762,4762,17.19,,57,67.6,46.4,180,180,49,78.1
USW00024126,"OGDEN HINKLEY AIRPORT, UT US",2025,,1300,1300,73,41,,,0,84,4,158,60,11,,,1.49,100,31,27,22,19,,30,25,23,17,13,4679,4679,14.26,,55.9,66.4,45.4,,,,
US1UTUT0032,"OREM 1.4 ESE, UT US",2023,,,,111,54,,,,,,,,,,,1.27,,,,,,,,,,,,,,21.96,,,,,,,,
US1UTUT0032,"OREM 1.4 ESE, UT US",2024,,,,,,,,,,,,,,,,,,,,,,,,,,,,,,16.44,,,,,,,,
US1UTUT0032,"OREM 1.4 ESE, UT US",2025,,,,77,28,,,,,,,,,,,0.87,,,,,,,,,,,,,,12.12,,,,,,,,
USR0000BLAC,"BLACK CEDAR FILMORE 5 E UTAH, UT US",2022,,987,987,,,,,0,157,14,159,41,1,,,,99,31,23,23,20,15,31,27,14,14,14,5917,5917,,,50.5,63.4,37.6,,,,
USR0000BLAC,"BLACK CEDAR FILMORE 5 E UTAH, UT US",2023,,683,683,,,,,1,152,21,153,28,-5,,,,99,31,26,19,19,16,29,23,23,13,13,6370,6370,,,50.1,62.3,37.8,,,,
USR0000BLAC,"BLACK CEDAR FILMORE 5 E UTAH, UT US",2024,,1104,1104,,,,,0,146,8,159,45,7,,,,101,29,21,21,18,15,30,27,23,18,13,5678,5678,,,52.4,64.6,40.2,,,,
USR0000BLAC,"BLACK CEDAR FILMORE 5 E UTAH, UT US",2025,,954,954,,,,,0,122,10,156,42,3,,,,98,32,26,24,15,15,32,17,17,17,12,5587,5587,,,53.2,65.8,40.6,,,,
USR0000TELE,"TELEGRAPH FLAT KANAB 17 E UTA, UT US",2022,,1068,1068,,,,,0,161,4,184,63,5,,,,101,32,28,23,18,14,32,27,21,17,10,5162,5162,,,53.1,68,38.2,,,,
USR0000TELE,"TELEGRAPH FLAT KANAB 17 E UTA, UT US",2023,,661,661,,,,,1,159,4,179,49,-3,,,,104,31,25,22,20,15,31,27,24,19,14,5878,5878,,,51.2,65.8,36.5,,,,
USR0000TELE,"TELEGRAPH FLAT KANAB 17 E UTA, UT US",2024,,1152,1152,,,,,0,146,2,183,84,10,,,,103,27,27,21,20,16,29,22,22,19,16,5094,5094,,,54.1,69.4,38.9,,,,
USR0000TELE,"TELEGRAPH FLAT KANAB 17 E UTA, UT US",2025,,856,856,,,,,1,133,1,183,62,0,,,,102,32,28,21,17,15,28,28,22,18,8,5199,5199,,,54,69.5,38.6,,,,
US1UTBE0002,"BRIGHAM CITY 1.2 N, UT US",2022,,,,84,47,,,,,,,,,,,1.37,,,,,,,,,,,,,,19.3,,,,,,,,
US1UTBE0002,"BRIGHAM CITY 1.2 N, UT US",2023,,,,114,59,,,,,,,,,,,2.47,,,,,,,,,,,,,,29.16,,,,,,,,
US1UTBE0002,"BRIGHAM CITY 1.2 N, UT US",2024,,,,96,63,,,,,,,,,,,1.36,,,,,,,,,,,,,,24.26,,,,,,,,
USC00421260,"CEDAR CITY 5 E, UT US",2022,,565,565,61,38,51,19,4,170,20,160,20,-2,14,9.5,1.57,94,27,27,16,16,16,32,28,21,18,16,6055,6055,15,46.6,48.8,62.4,35.2,,,,
USC00421260,"CEDAR CITY 5 E, UT US",2023,,420,420,73,47,82,26,3,164,24,149,17,-11,16,15.5,2.04,97,27,27,19,19,13,32,28,23,20,12,6854,6854,21.04,105.2,48.1,60.7,35.5,,,,
USC00421260,"CEDAR CITY 5 E, UT US",2024,,708,708,70,37,51,19,0,153,6,161,25,6,10,6,1.06,97,30,27,24,14,14,31,26,23,20,15,5895,5895,12.88,59.1,51.2,63.9,38.4,,,,
USC00421260,"CEDAR CITY 5 E, UT US",2025,,509,509,51,33,12,7,1,126,10,154,21,0,7,7,2.1,94,31,28,13,13,13,32,26,21,18,8,5623,5623,15.11,23.4,51.4,64.6,38.2,,,,
US1UTSL0035,"HOLLADAY 0.5 ESE, UT US",2022,,,,86,49,49,15,,,,,,,14,5.7,1.07,,,,,,,,,,,,,,18.59,48,,,,,,,
US1UTSL0035,"HOLLADAY 0.5 ESE, UT US",2023,,,,119,67,85,27,,,,,,,15,12.1,0.99,,,,,,,,,,,,,,24.26,86.7,,,,,,,
US1UTSL0035,"HOLLADAY 0.5 ESE, UT US",2024,,,,105,60,27,12,,,,,,,8,5,1.47,,,,,,,,,,,,,,21.02,30.8,,,,,,,
US1UTSL0035,"HOLLADAY 0.5 ESE, UT US",2025,,,,85,39,,8,,,,,,,,6.3,0.95,,,,,,,,,,,,,,18.08,32,,,,,,,
USC00424755,"KODACHROME BASIN PARK, UT US",2022,,684,684,36,24,22,6,14,194,4,191,60,-11,3,6.1,0.56,99,32,28,23,20,13,32,26,23,18,10,6034,6034,7.1,18.8,49.8,68.7,30.8,,,,
USC00424755,"KODACHROME BASIN PARK, UT US",2023,,,,,,33,,,,,,,,11,,,,,,,,,,,,,,,,,,,,,,,,
USC00424755,"KODACHROME BASIN PARK, UT US",2024,,718,718,43,33,7,5,4,180,0,194,83,-8,4,4.8,1.2,102,31,27,11,11,11,26,26,24,18,16,,,9.78,13,51.3,70.9,31.7,,,,
USC00424755,"KODACHROME BASIN PARK, UT US",2025,,588,588,45,29,4,3,9,177,0,195,64,-9,5,5.3,1.5,102,32,25,21,15,15,27,27,21,18,14,5485,5485,11.19,10,52,71.4,32.5,,,,
USR0000BRUN,"BRUIN POINT SUNNYSIDE 6 NNE U, UT US",2023,,31,31,,,,,13,198,98,50,0,-10,,,,84,31,26,22,17,9,31,27,24,19,13,,,,,38,48.1,27.9,,,,
USR0000BRUN,"BRUIN POINT SUNNYSIDE 6 NNE U, UT US",2024,,47,47,,,,,3,208,70,89,0,-1,,,,85,29,28,14,14,14,29,26,23,13,13,9039,9039,,,40.5,51.3,29.6,,,,
USR0000BRUN,"BRUIN POINT SUNNYSIDE 6 NNE U, UT US",2025,,44,44,,,,,10,203,56,78,0,-9,,,,86,30,28,23,19,15,26,26,21,19,9,8859,8859,,,41.4,52.3,30.5,,,,
USS0012M26S,"AGUA CANYON, UT US",2022,,160,160,65,65,156,,0,164,26,85,0,2,31,,1.4,85,29,19,19,19,14,29,28,13,13,13,6879,6879,18.17,,45.6,55.2,36,,,,
USS0012M26S,"AGUA CANYON, UT US",2023,,162,162,92,92,159,,0,160,44,59,0,3,65,,1.7,87,31,18,18,18,13,31,27,22,18,14,7990,7990,23.85,,44.3,53.1,35.5,,,,
USS0012M26S,"AGUA CANYON, UT US",2024,,195,195,79,79,154,,0,151,18,110,0,7,40,,1.5,88,26,26,22,19,15,31,27,21,17,16,6956,6956,20.74,,47.2,56.3,38,,,,
USS0012M26S,"AGUA CANYON, UT US",2025,,189,189,66,66,93,,0,117,16,94,0,4,13,,1.2,85,28,26,18,18,15,29,27,20,20,11,6523,6523,17.65,,47.8,57.2,38.5,,,,
USC00420688,"BIG WATER, UT US",2022,,,,41,20,0,1,,,,,,,0,1.9,1.9,,,,,,,,,,,,4194,4194,7.28,2.2,,,,,,,
USC00420688,"BIG WATER, UT US",2023,,1564,1564,,,1,3,0,127,0,196,76,16,2,3,,109,28,28,24,20,,30,28,24,18,16,,,7.11,7,57.1,70.8,43.3,,,,
USC00420688,"BIG WATER, UT US",2024,,,,,,3,1,,,,,,,1,1,,,,,,,,,,,,,3883,3883,,2.7,,,,,,,
USC00420688,"BIG WATER, UT US",2025,,1975,1975,,,,,0,80,0,202,107,9,,,,108,32,25,23,,,30,28,20,20,12,,,,,60.2,74,46.4,,,,
USC00421259,"CEDAR CITY, UT US",2022,,970,970,58,35,43,18,0,152,16,169,32,4,9,7.4,1.05,98,31,21,21,15,15,31,28,22,20,10,5575,5575,11.07,53.5,51.4,63.9,39,,,,
USC00421259,"CEDAR CITY, UT US",2023,,704,704,77,44,65,18,2,148,20,165,23,-4,13,14.8,1.04,100,32,21,21,19,15,32,25,24,15,15,6168,6168,14.66,78.9,50.8,62.4,39.3,,,,
USC00421259,"CEDAR CITY, UT US",2024,,1175,1175,63,29,34,13,0,144,6,169,46,10,10,6.8,1.29,102,30,28,22,20,15,31,25,22,19,14,5355,5355,10.4,46.7,53.7,65.8,41.6,,,,
USC00421259,"CEDAR CITY, UT US",2025,,936,936,61,33,15,9,0,111,6,163,29,5,5,4.8,1.18,98,32,27,17,17,14,31,25,22,19,8,5106,5106,13.19,26.9,54.1,66.3,41.8,,,,
USC00422864,"FLAMING GORGE, UT US",2022,,,,,,,20,,,,,,,,9,,,,,,,,,,,,,,,13.98,65.7,,,,,,,
USC00422864,"FLAMING GORGE, UT US",2023,,262,262,,,,,20,197,56,138,16,-17,,,,99,29,28,18,18,8,31,26,23,16,16,,,,,42.7,57.2,28.2,,,,
USC00422864,"FLAMING GORGE, UT US",2024,,,,,,,,,,,,,,,,,,,,,,,,,,,,7121,7121,13.73,,,,,,,,
USC00422864,"FLAMING GORGE, UT US",2025,,,,46,40,,5,,,,,,,,4,0.5,,,,,,,,,,,,,,7.2,14.1,,,,,,,
USS0011J23S,"DANIELS STRAWBERRY, UT US",2022,3.4,46,46,101,101,183,,13,214,74,98,0,-8,52,,1.5,87,31,26,19,19,15,28,25,22,20,14,8993,8993,28.44,,39.5,52,27,,,,
USS0011J23S,"DANIELS STRAWBERRY, UT US",2023,3.4,30,30,110,110,200,,11,201,80,66,0,-11,86,,1.6,88,30,26,12,12,12,29,26,24,17,15,9841,9841,32.48,,38.6,50.5,26.7,,,,
USS0011J23S,"DANIELS STRAWBERRY, UT US",2024,3.4,65,65,128,128,201,,1,214,57,107,0,0,59,,0.9,88,29,27,23,15,15,26,26,23,18,11,8932,8932,28.92,,41,53.3,28.8,,,,
USS0011J23S,"DANIELS STRAWBERRY, UT US",2025,,26,26,100,100,156,,9,191,43,89,0,-8,52,,1.1,86,29,26,21,15,15,31,25,24,11,11,8632,8632,23.24,,42.2,54.1,30.2,,,,
USS0013M05S,"KOLOB, UT US",2022,,9,9,66,66,195,,0,187,43,46,0,1,66,,1.9,80,26,26,18,18,16,30,28,23,19,11,8232,8232,24.87,,41.6,51,32.3,,,,
USS0013M05S,"KOLOB, UT US",2023,,,,92,92,192,,,,,,,,133,,2.9,,,,,,,,,,,,,,43.69,,,,,,,,
USS0013M05S,"KOLOB, UT US",2024,,25,25,88,88,199,,0,184,38,78,0,5,67,,1.7,82,28,28,24,18,15,31,26,19,19,12,8289,8289,24.14,,43,52.4,33.7,,,,
USS0013M05S,"KOLOB, UT US",2025,,9,9,68,68,175,,0,146,33,54,0,4,56,,2.2,81,30,24,24,18,11,29,26,19,19,12,7872,7872,27.96,,43.5,52.8,34.2,,,,
